"File","LineNumber","Line"
"__tests__\__mocks__\firebase.ts","17","currentUser: null,"
"__tests__\stripe-webhook.test.ts","32","const userDoc = {"
"__tests__\stripe-webhook.test.ts","33","id: 'test-user',"
"__tests__\stripe-webhook.test.ts","40","docs: [userDoc],"
"__tests__\stripe-webhook.test.ts","50","expect(userDoc.ref.update).toHaveBeenCalledWith({"
"__tests__\stripe-webhook.test.ts","70","const userDoc = {"
"__tests__\stripe-webhook.test.ts","71","id: 'test-user',"
"__tests__\stripe-webhook.test.ts","78","docs: [userDoc],"
"__tests__\stripe-webhook.test.ts","88","expect(userDoc.ref.update).toHaveBeenCalledWith({"
"__tests__\usage.test.ts","37","const uid = 'test-user-123';"
"__tests__\usage.test.ts","45","describe('getUserProfile', () => {"
"__tests__\usage.test.ts","56","const profile = await usage.getUserProfile(uid);"
"__tests__\usage.test.ts","62","mockAuth.currentUser = { email: 'test@example.com' };"
"__tests__\usage.test.ts","64","const profile = await usage.getUserProfile(uid);"
"__tests__\usage.test.ts","97","it('allows pro users to exceed limit', async () => {"
"__tests__\usage.test.ts","110","it('returns true for pro users', async () => {"
"app\account\billing\page.tsx","1","import { useAuth } from '@/lib/auth/hooks';"
"app\account\billing\page.tsx","2","import { getUserProfile } from '@/lib/firestore/usage';"
"app\account\billing\page.tsx","3","import { useEffect, useState } from 'react';"
"app\account\billing\page.tsx","7","const { user } = useAuth();"
"app\account\billing\page.tsx","8","const [profile, setProfile] = useState<any>(null);"
"app\account\billing\page.tsx","9","const [loading, setLoading] = useState(false);"
"app\account\billing\page.tsx","10","const [portalLoading, setPortalLoading] = useState(false);"
"app\account\billing\page.tsx","12","useEffect(() => {"
"app\account\billing\page.tsx","14","if (!user) return;"
"app\account\billing\page.tsx","17","const p = await getUserProfile(user.uid);"
"app\account\billing\page.tsx","26","}, [user]);"
"app\account\billing\page.tsx","31","const token = await user.getIdToken();"
"app\account\billing\page.tsx","48","const token = await user.getIdToken();"
"app\account\billing\page.tsx","62","if (!user) return <div className=""p-8"">Please sign in to view billing.</div>;"
"app\account\billing\page.tsx","67","<h1 className=""text-2xl font-semibold mb-4"">Billing & Subscription</h1>"
"app\api\draft\generate\logger.ts","10","mock_used: boolean;"
"app\api\draft\generate\retry.test.ts","6","vi.useFakeTimers();"
"app\api\draft\generate\retry.test.ts","10","vi.useRealTimers();"
"app\api\draft\generate\retry.test.ts","21","vi.useRealTimers();"
"app\api\draft\generate\retry.test.ts","43","vi.useRealTimers();"
"app\api\draft\generate\route.ts","1","import { canonicalizeTone } from './tone-map';"
"app\api\draft\generate\route.ts","16","type Tone = ""warm"" | ""professional"" | ""direct"" | ""empathetic"";"
"app\api\draft\generate\route.ts","17","type Safeguard = ""privacy"" | ""tone-check"" | ""de-escalation"" | ""bias-check"" | ""no-diagnosis"";"
"app\api\draft\generate\route.ts","24","tone: Tone;"
"app\api\draft\generate\route.ts","43","// Accept friendly labels; route will canonicalize via tone-map"
"app\api\draft\generate\route.ts","44","tone: { type: ""string"" },"
"app\api\draft\generate\route.ts","47","required: [""language"", ""tone"", ""notes""]"
"app\api\draft\generate\route.ts","68","// Simple per-user rate limiting"
"app\api\draft\generate\route.ts","99","const toneCanon = canonicalizeTone(body.tone);"
"app\api\draft\generate\route.ts","100","if (!toneCanon) {"
"app\api\draft\generate\route.ts","102","try { console.warn(""TELEMETRY: unmapped_tone_label"", { received: body.tone }); } catch {}"
"app\api\draft\generate\route.ts","105","error: ""Unsupported tone label"","
"app\api\draft\generate\route.ts","106","allowedLabels: ["
"app\api\draft\generate\route.ts","131","let mockUsed = false;"
"app\api\draft\generate\route.ts","140","""Write a short parent-ready comment in the requested tone and language."","
"app\api\draft\generate\route.ts","141","""Return strictly the following JSON keys: opening_line, main_comment, closing_line, tone, safeguards_applied, meta."","
"app\api\draft\generate\route.ts","142","""- tone must be one of: warm, professional, direct, empathetic."","
"app\api\draft\generate\route.ts","160","{ role: ""user"", content: `tone=${toneCanon}; language=${body.language}; ${prompt}` },"
"app\api\draft\generate\route.ts","178","candidate.tone = toneCanon;"
"app\api\draft\generate\route.ts","206","mock_used: false"
"app\api\draft\generate\route.ts","218","mockUsed = true;"
"app\api\draft\generate\route.ts","222","""Based on the details you shared, here is a clear, school-ready draft that acknowledges strengths and suggests one next step. We will focus on structuring ideas before writing and using a simple checklist to get started independently."","
"app\api\draft\generate\route.ts","223","closing_line: ""If helpful, I can share example prompts for that checklist."","
"app\api\draft\generate\route.ts","224","tone: toneCanon,"
"app\api\draft\generate\route.ts","225","safeguards_applied: [""privacy"", ""tone-check"", ""bias-check""],"
"app\api\draft\generate\route.ts","238","mock_used: mockUsed"
"app\api\draft\generate\route.ts","253","mock_used: mockUsed"
"app\api\draft\generate\route.ts","270","mock_used: mockUsed"
"app\api\draft\generate\timeout.test.ts","6","vi.useFakeTimers();"
"app\api\draft\generate\timeout.test.ts","10","vi.useRealTimers();"
"app\api\draft\generate\timeout.test.ts","36","it('should use default 10s timeout if not specified', async () => {"
"app\api\draft\generate\tone-map.ts","1","export type CanonicalTone = ""warm"" | ""professional"" | ""direct"" | ""empathetic"";"
"app\api\draft\generate\tone-map.ts","3","const toneMap: Record<string, CanonicalTone> = {"
"app\api\draft\generate\tone-map.ts","19","export function canonicalizeTone(input: any): CanonicalTone | undefined {"
"app\api\draft\generate\tone-map.ts","21","const key = input.trim().toLowerCase();"
"app\api\draft\generate\tone-map.ts","22","return toneMap[key] ?? ([""warm"",""professional"",""direct"",""empathetic""].includes(key) ? (key as CanonicalTone) : undefined);"
"app\api\stripe\checkout\route.ts","59","await dbAdmin.doc(`users/${uid}`).update({"
"app\api\stripe\portal\route.ts","20","// Find Stripe customer ID for user"
"app\api\stripe\portal\route.ts","21","// (Assume Firestore user doc has stripeCustomerId)"
"app\api\stripe\portal\route.ts","23","// For demo, just use a placeholder"
"app\api\stripe\webhook\route.ts","21","// Find user by Stripe customer ID"
"app\api\stripe\webhook\route.ts","22","const userSnapshot = await dbAdmin"
"app\api\stripe\webhook\route.ts","23",".collection('users')"
"app\api\stripe\webhook\route.ts","28","if (userSnapshot.empty) {"
"app\api\stripe\webhook\route.ts","29","console.error(`No user found for Stripe customer ${customerId}`);"
"app\api\stripe\webhook\route.ts","33","const userDoc = userSnapshot.docs[0];"
"app\api\stripe\webhook\route.ts","36","await userDoc.ref.update({"
"app\api\stripe\webhook\route.ts","42","console.log(`Updated user ${userDoc.id} plan to ${isActive ? 'pro' : 'free'}`);"
"app\api\stripe\webhook\route.ts","52","// If TEST_MODE is enabled, allow mocked events without signature (for CI/local tests)"
"app\api\stripe\webhook\route.ts","90","const userSnapshot = await dbAdmin.collection('users').where('stripeCustomerId', '==', customerId).limit(1).get();"
"app\api\stripe\webhook\route.ts","91","const uid = !userSnapshot.empty ? userSnapshot.docs[0].id : undefined;"
"app\auth\reset-password\page.tsx","8","<h1 className=""text-2xl font-semibold"">Reset password</h1>"
"app\auth\signin\page.tsx","8","<h1 className=""text-2xl font-semibold"">Welcome back</h1>"
"app\auth\signup\page.tsx","8","<h1 className=""text-2xl font-semibold"">Create an account</h1>"
"app\classes\page.tsx","2","import { useAuth } from '@/lib/auth';"
"app\classes\page.tsx","6","const { user } = useAuth();"
"app\classes\page.tsx","7","const uid = user?.uid ?? '';"
"app\components\auth\ProtectedRoute.tsx","1","""use client"";"
"app\components\auth\ProtectedRoute.tsx","3","import { ReactNode, useEffect } from ""react"";"
"app\components\auth\ProtectedRoute.tsx","4","import { useRouter } from ""next/navigation"";"
"app\components\auth\ProtectedRoute.tsx","5","import { useAuth } from ""@/lib/auth"";"
"app\components\auth\ProtectedRoute.tsx","17","const { user, status } = useAuth();"
"app\components\auth\ProtectedRoute.tsx","18","const router = useRouter();"
"app\components\auth\ProtectedRoute.tsx","20","useEffect(() => {"
"app\components\auth\ProtectedRoute.tsx","22","}, [status, user, router, redirectTo]);"
"app\components\auth\ProtectedRoute.tsx","32","if (!user) {"
"app\components\auth\ResetPasswordForm.tsx","1","'use client';"
"app\components\auth\ResetPasswordForm.tsx","3","import { useState } from 'react';"
"app\components\auth\ResetPasswordForm.tsx","4","import { useForm } from 'react-hook-form';"
"app\components\auth\ResetPasswordForm.tsx","7","import { useAuth } from '@/lib/auth';"
"app\components\auth\ResetPasswordForm.tsx","13","const { resetPassword } = useAuth();"
"app\components\auth\ResetPasswordForm.tsx","14","const [isLoading, setIsLoading] = useState(false);"
"app\components\auth\ResetPasswordForm.tsx","15","const [message, setMessage] = useState<string | null>(null);"
"app\components\auth\ResetPasswordForm.tsx","16","const [error, setError] = useState<string | null>(null);"
"app\components\auth\ResetPasswordForm.tsx","18","const { register, handleSubmit, formState: { errors } } = useForm<ResetFormData>({ resolver: zodResolver(schema) });"
"app\components\auth\ResetPasswordForm.tsx","37","<label className=""block text-sm font-medium mb-1"">Email</label>"
"app\components\auth\SignInForm.tsx","1","'use client';"
"app\components\auth\SignInForm.tsx","3","import { useState } from 'react';"
"app\components\auth\SignInForm.tsx","4","import { useForm } from 'react-hook-form';"
"app\components\auth\SignInForm.tsx","6","import { useAuth } from '@/lib/auth';"
"app\components\auth\SignInForm.tsx","10","const { signIn } = useAuth();"
"app\components\auth\SignInForm.tsx","11","const [showPassword, setShowPassword] = useState(false);"
"app\components\auth\SignInForm.tsx","12","const [isLoading, setIsLoading] = useState(false);"
"app\components\auth\SignInForm.tsx","13","const [error, setError] = useState<string | null>(null);"
"app\components\auth\SignInForm.tsx","20","} = useForm<SignInFormData>({"
"app\components\auth\SignInForm.tsx","40","<label className=""block text-sm font-medium mb-1"" htmlFor=""email"">"
"app\components\auth\SignInForm.tsx","58","<label className=""block text-sm font-medium mb-1"" htmlFor=""password"">"
"app\components\auth\SignInForm.tsx","100","<a href=""/auth/signup"" className=""text-black hover:underline"">"
"app\components\auth\SignInForm.tsx","103","<a href=""/auth/reset-password"" className=""text-black hover:underline"">"
"app\components\auth\SignUpForm.tsx","1","'use client';"
"app\components\auth\SignUpForm.tsx","3","import { useState } from 'react';"
"app\components\auth\SignUpForm.tsx","4","import { useForm } from 'react-hook-form';"
"app\components\auth\SignUpForm.tsx","6","import { useAuth } from '@/lib/auth';"
"app\components\auth\SignUpForm.tsx","10","const { signUp } = useAuth();"
"app\components\auth\SignUpForm.tsx","11","const [showPassword, setShowPassword] = useState(false);"
"app\components\auth\SignUpForm.tsx","12","const [isLoading, setIsLoading] = useState(false);"
"app\components\auth\SignUpForm.tsx","13","const [error, setError] = useState<string | null>(null);"
"app\components\auth\SignUpForm.tsx","20","} = useForm<SignUpFormData>({"
"app\components\auth\SignUpForm.tsx","40","<label className=""block text-sm font-medium mb-1"" htmlFor=""email"">"
"app\components\auth\SignUpForm.tsx","58","<label className=""block text-sm font-medium mb-1"" htmlFor=""password"">"
"app\components\auth\SignUpForm.tsx","85","<label className=""block text-sm font-medium mb-1"" htmlFor=""confirmPassword"">"
"app\components\auth\SignUpForm.tsx","119","<a href=""/auth/signin"" className=""text-black hover:underline"">"
"app\components\auth\validation.ts","14","'Password must contain at least one uppercase letter, one lowercase letter, and one number'"
"app\components\auth\validation.ts","28","message: ""Passwords don't match"","
"app\components\billing\UpgradeButton.tsx","1","'use client';"
"app\components\billing\UpgradeButton.tsx","3","import { useState } from 'react';"
"app\components\billing\UpgradeButton.tsx","4","import { useAuth } from '@/lib/auth/hooks';"
"app\components\billing\UpgradeButton.tsx","12","snippetsUsed: number;"
"app\components\billing\UpgradeButton.tsx","17","export function UpgradeButton({ snippetsUsed, snippetsLimit, className = '' }: UpgradeButtonProps) {"
"app\components\billing\UpgradeButton.tsx","18","const [loading, setLoading] = useState(false);"
"app\components\billing\UpgradeButton.tsx","19","const { user } = useAuth();"
"app\components\billing\UpgradeButton.tsx","22","if (!user) {"
"app\components\billing\UpgradeButton.tsx","29","const token = await user.getIdToken();"
"app\components\billing\UpgradeButton.tsx","51","{snippetsUsed} / {snippetsLimit} drafts used this month"
"app\components\classes\AddStudentForm.tsx","1","'use client';"
"app\components\classes\AddStudentForm.tsx","3","import { useState } from 'react';"
"app\components\classes\AddStudentForm.tsx","4","import { useForm } from 'react-hook-form';"
"app\components\classes\AddStudentForm.tsx","16","const { register, handleSubmit, reset, formState } = useForm<StudentFormValues>({ resolver: zodResolver(studentSchema) });"
"app\components\classes\AddStudentForm.tsx","17","const [submitting, setSubmitting] = useState(false);"
"app\components\classes\ClassDetail.tsx","1","'use client';"
"app\components\classes\ClassDetail.tsx","3","import { useEffect, useState } from 'react';"
"app\components\classes\ClassDetail.tsx","9","const [cls, setCls] = useState<ClassMeta | null>(null);"
"app\components\classes\ClassDetail.tsx","10","const [loading, setLoading] = useState(true);"
"app\components\classes\ClassDetail.tsx","11","const [tab, setTab] = useState<'overview' | 'students' | 'context'>('overview');"
"app\components\classes\ClassDetail.tsx","13","useEffect(() => {"
"app\components\classes\ClassDetail.tsx","54","<h1 className=""text-2xl font-semibold"">{cls.name}</h1>"
"app\components\classes\ClassList.tsx","1","'use client';"
"app\components\classes\ClassList.tsx","3","import { useEffect, useState } from 'react';"
"app\components\classes\ClassList.tsx","9","const [classes, setClasses] = useState<any[]>([]);"
"app\components\classes\ClassList.tsx","10","const [loading, setLoading] = useState(true);"
"app\components\classes\ClassList.tsx","25","useEffect(() => {"
"app\components\classes\ClassList.tsx","32","<h2 className=""text-xl font-semibold"">Your classes</h2>"
"app\components\classes\ClassList.tsx","54","<div className=""font-medium"">{c.name}</div>"
"app\components\classes\ClassList.tsx","58","<Link href={`/classes/${c.id}`} className=""text-sm text-blue-600 hover:underline"">Open</Link>"
"app\components\classes\CreateClassForm.tsx","1","'use client';"
"app\components\classes\CreateClassForm.tsx","3","import { useState } from 'react';"
"app\components\classes\CreateClassForm.tsx","4","import { useForm } from 'react-hook-form';"
"app\components\classes\CreateClassForm.tsx","17","const { register, handleSubmit, reset, formState: { errors } } = useForm<CreateClassFormData>({"
"app\components\classes\CreateClassForm.tsx","20","const [loading, setLoading] = useState(false);"
"app\components\classes\CreateClassForm.tsx","21","const [error, setError] = useState<string | null>(null);"
"app\components\classes\EditStudentModal.tsx","1","'use client';"
"app\components\classes\EditStudentModal.tsx","3","import { useEffect, useState } from 'react';"
"app\components\classes\EditStudentModal.tsx","7","import { useForm } from 'react-hook-form';"
"app\components\classes\EditStudentModal.tsx","23","const form = useForm<StudentFormValues>({"
"app\components\classes\EditStudentModal.tsx","30","const [submitting, setSubmitting] = useState(false);"
"app\components\classes\EditStudentModal.tsx","42","useEffect(() => {"
"app\components\classes\EditStudentModal.tsx","73","<h2 id=""edit-student-title"" className=""text-xl font-semibold mb-4"">Edit Student</h2>"
"app\components\classes\EditStudentModal.tsx","77","<label htmlFor=""student-name"" className=""block text-sm font-medium text-gray-700"">Name</label>"
"app\components\classes\EditStudentModal.tsx","84","<label htmlFor=""student-email"" className=""block text-sm font-medium text-gray-700"">Email (optional)</label>"
"app\components\classes\StudentsTable.tsx","1","'use client';"
"app\components\classes\StudentsTable.tsx","3","import { useEffect, useState } from 'react';"
"app\components\classes\StudentsTable.tsx","5","import { useAuth } from '@/lib/auth/hooks';"
"app\components\classes\StudentsTable.tsx","12","const [students, setStudents] = useState<Student[]>([]);"
"app\components\classes\StudentsTable.tsx","13","const [loading, setLoading] = useState(true);"
"app\components\classes\StudentsTable.tsx","14","const { user } = useAuth();"
"app\components\classes\StudentsTable.tsx","15","const [editingStudent, setEditingStudent] = useState<Student | null>(null);"
"app\components\classes\StudentsTable.tsx","16","const [studentToDelete, setStudentToDelete] = useState<Student | null>(null);"
"app\components\classes\StudentsTable.tsx","19","if (!user) {"
"app\components\classes\StudentsTable.tsx","53","if (!user) {"
"app\components\classes\StudentsTable.tsx","72","useEffect(() => {"
"app\components\classes\StudentsTable.tsx","92","if (!user) {"
"app\components\classes\StudentsTable.tsx","123","description={`Are you sure you want to delete ${studentToDelete?.name ?? ''}? This action cannot be undone.`}"
"app\components\classes\StudentsTable.tsx","144","<div className=""font-medium"">{s.name}</div>"
"app\components\DraftClient.tsx","1","""use client"";"
"app\components\DraftClient.tsx","2","import { useEffect, useState } from ""react"";"
"app\components\DraftClient.tsx","3","import { TONE_DESCRIPTIONS, SAFEGUARD_DESCRIPTIONS, ERROR_MESSAGES } from ""./draft-constants"";"
"app\components\DraftClient.tsx","5","import { useAuth } from ""@/lib/auth/hooks"";"
"app\components\DraftClient.tsx","6","import { getUserProfile } from ""@/lib/firestore/usage"";"
"app\components\DraftClient.tsx","10","type Tone = ""warm"" | ""professional"" | ""direct"" | ""empathetic"";"
"app\components\DraftClient.tsx","14","const { user } = useAuth();"
"app\components\DraftClient.tsx","15","const [notes, setNotes] = useState("""");"
"app\components\DraftClient.tsx","16","const [tone, setTone] = useState<Tone>(""empathetic"");"
"app\components\DraftClient.tsx","17","const [language, setLanguage] = useState<Lang>(""en"");"
"app\components\DraftClient.tsx","18","const [loading, setLoading] = useState(false);"
"app\components\DraftClient.tsx","19","const [resp, setResp] = useState<any>(null);"
"app\components\DraftClient.tsx","20","const [err, setErr] = useState<string | null>(null);"
"app\components\DraftClient.tsx","21","const [profile, setProfile] = useState<any>(null);"
"app\components\DraftClient.tsx","22","const [loadingProfile, setLoadingProfile] = useState(false);"
"app\components\DraftClient.tsx","24","useEffect(() => {"
"app\components\DraftClient.tsx","26","if (!user) return;"
"app\components\DraftClient.tsx","29","const p = await getUserProfile(user.uid);"
"app\components\DraftClient.tsx","39","}, [user]);"
"app\components\DraftClient.tsx","42","if (!user) {"
"app\components\DraftClient.tsx","48","const token = await user.getIdToken();"
"app\components\DraftClient.tsx","55","body: JSON.stringify({ notes, tone, language }),"
"app\components\DraftClient.tsx","69","if (user) {"
"app\components\DraftClient.tsx","70","const p = await getUserProfile(user.uid);"
"app\components\DraftClient.tsx","74","const errMsg = e?.message?.toLowerCase() || """";"
"app\components\DraftClient.tsx","88","<h1 className=""text-2xl font-semibold"">Zaza Draft</h1>"
"app\components\DraftClient.tsx","92","snippetsUsed={profile.usage?.snippetsThisMonth ?? 0}"
"app\components\DraftClient.tsx","102","<label className=""block text-sm font-medium"">Notes</label>"
"app\components\DraftClient.tsx","112","{([""warm"",""professional"",""direct"",""empathetic""] as Tone[]).map(t => ("
"app\components\DraftClient.tsx","113","<Tooltip key={t} content={TONE_DESCRIPTIONS[t]}>"
"app\components\DraftClient.tsx","116","className={`rounded-full border px-3 py-1 text-sm ${tone===t ? ""bg-black text-white"" : """"}`}"
"app\components\DraftClient.tsx","117","onClick={() => setTone(t)}"
"app\components\DraftClient.tsx","118","aria-pressed={tone === t}"
"app\components\DraftClient.tsx","119","aria-label={`Set tone to ${t}`}"
"app\components\DraftClient.tsx","131","<option value=""en"">English</option>"
"app\components\DraftClient.tsx","132","<option value=""de"">Deutsch</option>"
"app\components\DraftClient.tsx","154","tone: {resp.tone} - lang: {resp.meta?.language}"
"app\components\DraftClient.tsx","198","<p className=""font-medium"">{resp.opening_line}</p>"
"app\components\DraftClient.tsx","200","<p className=""italic"">{resp.closing_line}</p>"
"app\components\draft-constants.ts","1","export const TONE_DESCRIPTIONS = {"
"app\components\draft-constants.ts","4","direct: ""Straightforward and specific, focused on key points"","
"app\components\draft-constants.ts","10","""tone-check"": ""Ensures communication remains constructive and respectful"","
"app\components\draft-constants.ts","11","""de-escalation"": ""Uses language that helps reduce tension or anxiety"","
"app\components\draft-constants.ts","13","""no-diagnosis"": ""Focuses on observations without medical/clinical claims"""
"app\components\ui\ConfirmDialog.tsx","1","'use client';"
"app\components\ui\ConfirmDialog.tsx","3","import { useEffect, useRef } from 'react';"
"app\components\ui\ConfirmDialog.tsx","12","const dialogRef = useRef<HTMLDivElement | null>(null);"
"app\components\ui\ConfirmDialog.tsx","14","useEffect(() => {"
"app\components\ui\ConfirmDialog.tsx","16","const previouslyFocused = document.activeElement as HTMLElement | null;"
"app\components\ui\ConfirmDialog.tsx","20","return () => previouslyFocused?.focus?.();"
"app\components\ui\ConfirmDialog.tsx","35","<h3 id=""confirm-title"" className=""text-lg font-semibold"">{title}</h3>"
"app\components\ui\Spinner.tsx","1","""use client"";"
"app\page.backup.tsx","1","""use client"";"
"app\page.backup.tsx","3","import { useState } from ""react"";"
"app\page.backup.tsx","5","const FRIENDLY_TONES: { label: string; value: string }[] = ["
"app\page.backup.tsx","13","{ label: ""English"", value: ""en"" },"
"app\page.backup.tsx","14","{ label: ""Deutsch"", value: ""de"" },"
"app\page.backup.tsx","19","// Client-side mapper mirrors server tone-map"
"app\page.backup.tsx","20","function toCanonicalTone(label: string): ""warm"" | ""professional"" | ""direct"" | ""empathetic"" | undefined {"
"app\page.backup.tsx","21","const k = (label || """").trim().toLowerCase();"
"app\page.backup.tsx","38","const [notes, setNotes] = useState("""");"
"app\page.backup.tsx","39","const [toneLabel, setToneLabel] = useState(FRIENDLY_TONES[0].value);"
"app\page.backup.tsx","40","const [language, setLanguage] = useState(LANGS[0].value);"
"app\page.backup.tsx","41","const [loading, setLoading] = useState(false);"
"app\page.backup.tsx","42","const [result, setResult] = useState<any>(null);"
"app\page.backup.tsx","43","const [error, setError] = useState<string | null>(null);"
"app\page.backup.tsx","51","const tone = toCanonicalTone(toneLabel) ?? toneLabel; // server also canonicalizes"
"app\page.backup.tsx","55","body: JSON.stringify({ notes, tone, language }),"
"app\page.backup.tsx","88","Tone"
"app\page.backup.tsx","89","<select value={toneLabel} onChange={(e) => setToneLabel(e.target.value)} required>"
"app\page.backup.tsx","90","{FRIENDLY_TONES.map((t) => ("
"e2e\billing.spec.ts","5","// Use Playwright's APIRequest to POST directly to webhook route (bypasses client-side JS)"
"e2e\billing.spec.ts","17","test.describe('Critical billing flows', () => {"
"e2e\billing.spec.ts","21","await page.getByTestId('signup-email').fill('e2euser@example.com');"
"e2e\billing.spec.ts","29","await page.getByTestId('signin-email').fill('e2euser@example.com');"
"e2e\billing.spec.ts","49","const customerId = 'cus_e2euser';"
"functions\src\usage\reset-monthly.ts","13","// Get all users (paginated in batches)"
"functions\src\usage\reset-monthly.ts","14","const usersRef = dbAdmin.collection('users');"
"functions\src\usage\reset-monthly.ts","18","let query = usersRef.limit(batchSize);"
"functions\src\usage\reset-monthly.ts","45","console.error(`Failed to reset usage for user ${doc.id}:`, e);"
"gpts\draft\examples\de_supportive.json","3","""main_comment"": ""In den letzten Wochen beteiligt sich Lea aktiver in Gruppenarbeiten. Sie stellt klärende Fragen und setzt Feedback um. Als Nächstes üben wir, Ideen vor dem Schreiben zu strukturieren. Eine kurze Checkliste zu Hause kann ihr helfen, selbstständig zu starten."","
"gpts\draft\examples\de_supportive.json","5","""tone"": ""empathetic"","
"gpts\draft\examples\de_supportive.json","6","""safeguards_applied"": [""privacy"", ""tone-check"", ""bias-check""],"
"gpts\draft\examples\en_firm.json","4","""closing_line"": ""If it helps, I can share the routine we practiced so you can reinforce it at home."","
"gpts\draft\examples\en_firm.json","5","""tone"": ""direct"","
"gpts\draft\examples\en_firm.json","6","""safeguards_applied"": [""privacy"", ""tone-check"", ""de-escalation""],"
"gpts\draft\examples\en_simple.json","4","""closing_line"": ""I’m happy to share the checklist if helpful."","
"gpts\draft\examples\en_simple.json","5","""tone"": ""warm"","
"gpts\draft\examples\en_simple.json","6","""safeguards_applied"": [""privacy"", ""tone-check""],"
"gpts\draft\examples\en_supportive.json","5","""tone"": ""empathetic"","
"gpts\draft\examples\en_supportive.json","6","""safeguards_applied"": [""privacy"", ""tone-check"", ""bias-check""],"
"gpts\draft\schema.json","4","""required"": [""opening_line"", ""main_comment"", ""closing_line"", ""tone"", ""safeguards_applied"", ""meta""],"
"gpts\draft\schema.json","9","""tone"": { ""type"": ""string"", ""enum"": [""warm"", ""professional"", ""direct"", ""empathetic""] },"
"gpts\draft\schema.json","12","""items"": { ""type"": ""string"", ""enum"": [""privacy"", ""tone-check"", ""de-escalation"", ""bias-check"", ""no-diagnosis""] },"
"jest.config.js","8","useESM: true,"
"lib\auth\hooks.ts","1","import { useContext } from 'react';"
"lib\auth\hooks.ts","4","export function useAuth() {"
"lib\auth\hooks.ts","5","const context = useContext(AuthContext);"
"lib\auth\hooks.ts","7","throw new Error('useAuth must be used within an AuthProvider');"
"lib\auth\hooks.ts","12","export function useAuthStatus() {"
"lib\auth\hooks.ts","13","const { status } = useAuth();"
"lib\auth\hooks.ts","17","export function useUser() {"
"lib\auth\hooks.ts","18","const { user } = useAuth();"
"lib\auth\hooks.ts","19","return user;"
"lib\auth\middleware.ts","13","const user = await authAdmin.getUser(decodedToken.uid);"
"lib\auth\middleware.ts","15","// Attach user to request for route handlers"
"lib\auth\middleware.ts","16","req.headers.set('X-User-Id', user.uid);"
"lib\auth\middleware.ts","17","req.headers.set('X-User-Email', user.email || '');"
"lib\auth\provider.tsx","1","'use client';"
"lib\auth\provider.tsx","3","import { createContext, useContext, useEffect, useState } from 'react';"
"lib\auth\provider.tsx","5","createUserWithEmailAndPassword,"
"lib\auth\provider.tsx","16","user: null,"
"lib\auth\provider.tsx","24","const [state, setState] = useState<AuthState>(initialState);"
"lib\auth\provider.tsx","26","useEffect(() => {"
"lib\auth\provider.tsx","29","(user) => {"
"lib\auth\provider.tsx","31","user,"
"lib\auth\provider.tsx","32","status: user ? 'authenticated' : 'unauthenticated',"
"lib\auth\provider.tsx","38","user: null,"
"lib\auth\provider.tsx","59","const cred = await createUserWithEmailAndPassword(auth, email, password);"
"lib\auth\provider.tsx","62","await sendEmailVerification(cred.user);"
"lib\auth\provider.tsx","64","// ignore verification errors; user still created"
"lib\auth\types.ts","1","import { User } from 'firebase/auth';"
"lib\auth\types.ts","6","user: User | null;"
"lib\auth\utils.ts","3","export async function getCurrentUser() {"
"lib\auth\utils.ts","5","const unsubscribe = auth.onAuthStateChanged((user) => {"
"lib\auth\utils.ts","7","resolve(user);"
"lib\auth\utils.ts","13","return auth.currentUser?.getIdToken();"
"lib\auth\utils.ts","16","export function getUserId() {"
"lib\auth\utils.ts","17","return auth.currentUser?.uid;"
"lib\auth\utils.ts","20","export function getUserEmail() {"
"lib\auth\utils.ts","21","return auth.currentUser?.email;"
"lib\firestore\classBrain.ts","19","export type UserProfile = {"
"lib\firestore\classBrain.ts","61","// Client helpers (use in client code)"
"lib\firestore\classBrain.ts","95","// Server-side admin helpers (use in API routes)"
"lib\firestore\usage.ts","5","import { UserProfile } from './classBrain';"
"lib\firestore\usage.ts","9","export async function getUserProfile(uid: string) {"
"lib\firestore\usage.ts","10","const d = await getDoc(doc(db, 'users', uid));"
"lib\firestore\usage.ts","13","const profile: UserProfile = {"
"lib\firestore\usage.ts","16","email: auth.currentUser?.email,"
"lib\firestore\usage.ts","17","displayName: auth.currentUser?.displayName,"
"lib\firestore\usage.ts","20","await updateDoc(doc(db, 'users', uid), profile);"
"lib\firestore\usage.ts","23","return d.data() as UserProfile;"
"lib\firestore\usage.ts","27","const profile = await getUserProfile(uid);"
"lib\firestore\usage.ts","33","await updateDoc(doc(db, 'users', uid), {"
"lib\firestore\usage.ts","43","await dbAdmin.doc(`users/${uid}`).update({"
"lib\firestore\usage.ts","49","// Check if user can generate more snippets"
"lib\firestore\usage.ts","51","const profile = await getUserProfile(uid);"
"lib\log.ts","9","const key = k.toLowerCase();"
"package-lock.json","2043","""license"": ""BSD-3-Clause"","
"package-lock.json","2053","""license"": ""BSD-3-Clause"","
"package-lock.json","2191","""integrity"": ""sha512-pk2B1NWalF9toCRu6gjBzR69syFjP4Od8WRAX+0mmf9lAjCRicLOWc+ZrxZHx/0XRjotgkF9t6iaMJ+aXcOdZQ=="","
"package-lock.json","2244","""integrity"": ""sha512-9KQPoO6mZCi7jcIStSnlOWn2nEF3mNmyr3rIAsGnAbQKYbRLyqmeSc39EVgtxXVia+LMT8j3knZLAZAh+xLmrw=="","
"package-lock.json","2707","""license"": ""BSD-3-Clause"","
"package-lock.json","2841","""caniuse-lite"": ""^1.0.30001751"","
"package-lock.json","2903","""node_modules/caniuse-lite"": {"
"package-lock.json","2905","""resolved"": ""https://registry.npmjs.org/caniuse-lite/-/caniuse-lite-1.0.30001751.tgz"","
"package-lock.json","2914","""url"": ""https://tidelift.com/funding/github/npm/caniuse-lite"""
"package-lock.json","3282","""license"": ""BSD-2-Clause"","
"package-lock.json","3325","""license"": ""BSD-2-Clause"","
"package-lock.json","3420","""license"": ""BSD-3-Clause"""
"package-lock.json","3716","""deprecated"": ""This module is not supported, and leaks memory. Do not use it. Check out lru-cache if you want a good and tested way to coalesce async requests by a key value, which is much more comprehensive and powerful."","
"package-lock.json","3800","""license"": ""BSD-3-Clause"","
"package-lock.json","3810","""license"": ""BSD-3-Clause"","
"package-lock.json","3827","""license"": ""BSD-3-Clause"","
"package-lock.json","3842","""license"": ""BSD-3-Clause"","
"package-lock.json","3857","""license"": ""BSD-3-Clause"","
"package-lock.json","4633","""integrity"": ""sha512-t7j+NzmgnQzTAYXcsHYLgimltOV1MXHtlOWf6GjL9Kj8GK5FInw5JotxvbOs+IvV1/Dzo04/fCGfLVs7aXb4Ag=="","
"package-lock.json","4675","""license"": ""BSD-3-Clause"","
"package-lock.json","4820","""caniuse-lite"": ""^1.0.30001579"","
"package-lock.json","5431","""license"": ""BSD-3-Clause"","
"package-lock.json","5439","""integrity"": ""sha512-UXWMKhLOwVKb728IUtQPXxfYU+usdybtUrK/8uGE8CQMvrhOpwvzDBwj0QhSL7MQc7vIsISBG8VQ8+IDQxpfQA=="","
"package-lock.json","5440","""license"": ""BSD-3-Clause"","
"package-lock.json","5461","""license"": ""BSD-3-Clause"""
"package-lock.json","5815","""license"": ""BSD-3-Clause"""
"package-lock.json","5835","""license"": ""BSD-3-Clause"","
"package-lock.json","5970","""license"": ""BSD-2-Clause"","
"package-lock.json","6095","""license"": ""BSD-2-Clause"","
"playwright.config.ts","11","reuseExistingServer: !process.env.CI,"
"playwright.config.ts","14","use: {"
"playwright.config.ts","24","use: { ...devices['Desktop Chrome'] },"
"playwright.config.ts","28","use: { ...devices['Desktop Firefox'] },"
"playwright.config.ts","32","use: { ...devices['Desktop Safari'] },"
"scripts\release-check.js","49","const isTestMode = (process.env.TEST_MODE || '').toLowerCase() === 'true';"
"scripts\release-check.js","57","fail('NEXT_PUBLIC_BASE_URL is not HTTPS', 'Use https:// in production CI (avoid http:// or file://)');"
"scripts\release-check.js","59","fail('NEXT_PUBLIC_BASE_URL points to localhost in production CI', 'Use your deployed HTTPS URL in CI');"
"tsconfig.json","9","""allowJs"": false,"
