"name","gender","locale"
"abby","f","en"
"abigail","f","en"
"alex","u","en"
"amelia","f","en"
"andrew","m","en"
"anna","f","de"
"antonia","f","de"
"ava","f","en"
"benjamin","m","en"
"beth","f","en"
"charles","m","en"
"charlotte","f","en"
"daniel","m","en"
"elisabeth","f","de"
"elizabeth","f","en"
"emily","f","en"
"emma","f","en"
"felix","m","de"
"finn","m","de"
"franziska","f","de"
"hannah","f","en"
"henry","m","en"
"isabella","f","en"
"jack","m","en"
"james","m","en"
"johanna","f","de"
"john","m","en"
"johnny","m","en"
"jonas","m","de"
"joseph","m","en"
"kate","f","en"
"katherine","f","en"
"klara","f","de"
"lena","f","de"
"leon","m","de"
"liam","m","en"
"lilli","f","de"
"lilly","f","en"
"liza","f","en"
"luca","m","de"
"lucas","m","en"
"maria","f","de"
"matthew","m","en"
"maximilian","m","de"
"mia","f","en"
"michael","m","en"
"noah","m","en"
"oliver","m","en"
"olivia","f","en"
"paul","m","de"
"sam","u","en"
"sarah","f","en"
"sascha","u","de"
"sasha","u","en"
"sophia","f","en"
"sophie","f","de"
"tim","m","de"
"toni","u","de"
"william","m","en"
